patch_rank,protein_id,residue_id,chain,residue_type,patch_size
0,sample8,22,A,F,2067.313246167303
0,sample8,37,A,G,2067.313246167303
0,sample8,6,A,L,2067.313246167303
0,sample8,28,A,G,2067.313246167303
0,sample8,9,A,P,2067.313246167303
0,sample8,12,A,G,2067.313246167303
0,sample8,27,A,A,2067.313246167303
0,sample8,33,A,F,2067.313246167303
0,sample8,15,A,A,2067.313246167303
0,sample8,52,A,M,2067.313246167303
0,sample8,36,A,G,2067.313246167303
0,sample8,18,A,I,2067.313246167303
0,sample8,20,A,A,2067.313246167303
0,sample8,8,A,P,2067.313246167303
0,sample8,45,A,F,2067.313246167303
0,sample8,29,A,L,2067.313246167303
0,sample8,34,A,V,2067.313246167303
0,sample8,2,A,P,2067.313246167303
0,sample8,48,A,A,2067.313246167303
0,sample8,17,A,A,2067.313246167303
0,sample8,1,A,A,2067.313246167303
0,sample8,16,A,A,2067.313246167303
0,sample8,4,A,F,2067.313246167303
0,sample8,53,A,A,2067.313246167303
0,sample8,25,A,A,2067.313246167303
0,sample8,56,A,G,2067.313246167303
0,sample8,13,A,P,2067.313246167303
0,sample8,19,A,I,2067.313246167303
0,sample8,46,A,A,2067.313246167303
1,sample8,40,A,A,64.5
2,sample8,40,A,A,64.5
3,sample8,4,A,F,28.02030456852792
