patch_rank,protein_id,residue_id,chain,residue_type,patch_size
0,sample4,2,A,P,1465.3801542544818
0,sample4,48,A,A,1465.3801542544818
0,sample4,16,A,A,1465.3801542544818
0,sample4,4,A,F,1465.3801542544818
0,sample4,25,A,A,1465.3801542544818
0,sample4,56,A,G,1465.3801542544818
0,sample4,13,A,P,1465.3801542544818
0,sample4,19,A,I,1465.3801542544818
0,sample4,34,A,V,1465.3801542544818
0,sample4,40,A,A,1465.3801542544818
0,sample4,22,A,F,1465.3801542544818
0,sample4,37,A,G,1465.3801542544818
0,sample4,6,A,L,1465.3801542544818
0,sample4,28,A,G,1465.3801542544818
0,sample4,9,A,P,1465.3801542544818
0,sample4,12,A,G,1465.3801542544818
0,sample4,27,A,A,1465.3801542544818
0,sample4,42,A,A,1465.3801542544818
0,sample4,33,A,F,1465.3801542544818
0,sample4,52,A,M,1465.3801542544818
0,sample4,36,A,G,1465.3801542544818
0,sample4,18,A,I,1465.3801542544818
0,sample4,45,A,F,1465.3801542544818
0,sample4,29,A,L,1465.3801542544818
1,sample4,40,A,A,53.54716981132076
