patch_rank,protein_id,residue_id,chain,residue_type,patch_size
0,plus2,8,A,P,2526.5927922122014
0,plus2,26,A,A,2526.5927922122014
0,plus2,39,A,A,2526.5927922122014
0,plus2,45,A,F,2526.5927922122014
0,plus2,29,A,L,2526.5927922122014
0,plus2,2,A,P,2526.5927922122014
0,plus2,17,A,A,2526.5927922122014
0,plus2,1,A,A,2526.5927922122014
0,plus2,48,A,A,2526.5927922122014
0,plus2,16,A,A,2526.5927922122014
0,plus2,4,A,F,2526.5927922122014
0,plus2,53,A,A,2526.5927922122014
0,plus2,41,A,A,2526.5927922122014
0,plus2,25,A,A,2526.5927922122014
0,plus2,56,A,G,2526.5927922122014
0,plus2,13,A,P,2526.5927922122014
0,plus2,46,A,A,2526.5927922122014
0,plus2,19,A,I,2526.5927922122014
0,plus2,34,A,V,2526.5927922122014
0,plus2,40,A,A,2526.5927922122014
0,plus2,22,A,F,2526.5927922122014
0,plus2,37,A,G,2526.5927922122014
0,plus2,6,A,L,2526.5927922122014
0,plus2,28,A,G,2526.5927922122014
0,plus2,12,A,G,2526.5927922122014
0,plus2,9,A,P,2526.5927922122014
0,plus2,27,A,A,2526.5927922122014
0,plus2,42,A,A,2526.5927922122014
0,plus2,33,A,F,2526.5927922122014
0,plus2,15,A,A,2526.5927922122014
0,plus2,52,A,M,2526.5927922122014
0,plus2,36,A,G,2526.5927922122014
0,plus2,18,A,I,2526.5927922122014
0,plus2,20,A,A,2526.5927922122014
1,plus2,28,A,G,32.19047619047619
