patch_rank,protein_id,residue_id,chain,residue_type,patch_size
0,sample5,19,A,I,784.9456341394917
0,sample5,33,A,F,784.9456341394917
0,sample5,40,A,A,784.9456341394917
0,sample5,22,A,F,784.9456341394917
0,sample5,37,A,G,784.9456341394917
0,sample5,36,A,G,784.9456341394917
0,sample5,17,A,A,784.9456341394917
0,sample5,13,A,P,784.9456341394917
0,sample5,18,A,I,784.9456341394917
0,sample5,9,A,P,784.9456341394917
0,sample5,16,A,A,784.9456341394917
0,sample5,12,A,G,784.9456341394917
0,sample5,34,A,V,784.9456341394917
1,sample5,29,A,L,596.7938574221436
1,sample5,25,A,A,596.7938574221436
1,sample5,6,A,L,596.7938574221436
1,sample5,52,A,M,596.7938574221436
1,sample5,28,A,G,596.7938574221436
1,sample5,48,A,A,596.7938574221436
1,sample5,56,A,G,596.7938574221436
1,sample5,27,A,A,596.7938574221436
2,sample5,2,A,P,141.1510525530009
2,sample5,45,A,F,141.1510525530009
2,sample5,4,A,F,141.1510525530009
3,sample5,40,A,A,55.9811320754717
4,sample5,4,A,F,49.94923857868021
