patch_rank,protein_id,residue_id,chain,residue_type,patch_size
0,sample9,56,A,G,2151.6199410303693
0,sample9,46,A,A,2151.6199410303693
0,sample9,19,A,I,2151.6199410303693
0,sample9,34,A,V,2151.6199410303693
0,sample9,13,A,P,2151.6199410303693
0,sample9,40,A,A,2151.6199410303693
0,sample9,22,A,F,2151.6199410303693
0,sample9,37,A,G,2151.6199410303693
0,sample9,6,A,L,2151.6199410303693
0,sample9,28,A,G,2151.6199410303693
0,sample9,9,A,P,2151.6199410303693
0,sample9,12,A,G,2151.6199410303693
0,sample9,27,A,A,2151.6199410303693
0,sample9,42,A,A,2151.6199410303693
0,sample9,33,A,F,2151.6199410303693
0,sample9,52,A,M,2151.6199410303693
0,sample9,36,A,G,2151.6199410303693
0,sample9,18,A,I,2151.6199410303693
0,sample9,8,A,P,2151.6199410303693
0,sample9,26,A,A,2151.6199410303693
0,sample9,39,A,A,2151.6199410303693
0,sample9,45,A,F,2151.6199410303693
0,sample9,29,A,L,2151.6199410303693
0,sample9,2,A,P,2151.6199410303693
0,sample9,48,A,A,2151.6199410303693
0,sample9,17,A,A,2151.6199410303693
0,sample9,16,A,A,2151.6199410303693
0,sample9,4,A,F,2151.6199410303693
0,sample9,53,A,A,2151.6199410303693
0,sample9,25,A,A,2151.6199410303693
