patch_rank,protein_id,residue_id,chain,residue_type,patch_size
0,sample7,25,A,A,2097.824026470533
0,sample7,56,A,G,2097.824026470533
0,sample7,13,A,P,2097.824026470533
0,sample7,19,A,I,2097.824026470533
0,sample7,34,A,V,2097.824026470533
0,sample7,46,A,A,2097.824026470533
0,sample7,40,A,A,2097.824026470533
0,sample7,22,A,F,2097.824026470533
0,sample7,37,A,G,2097.824026470533
0,sample7,6,A,L,2097.824026470533
0,sample7,28,A,G,2097.824026470533
0,sample7,9,A,P,2097.824026470533
0,sample7,12,A,G,2097.824026470533
0,sample7,27,A,A,2097.824026470533
0,sample7,42,A,A,2097.824026470533
0,sample7,33,A,F,2097.824026470533
0,sample7,52,A,M,2097.824026470533
0,sample7,36,A,G,2097.824026470533
0,sample7,18,A,I,2097.824026470533
0,sample7,20,A,A,2097.824026470533
0,sample7,26,A,A,2097.824026470533
0,sample7,8,A,P,2097.824026470533
0,sample7,39,A,A,2097.824026470533
0,sample7,45,A,F,2097.824026470533
0,sample7,29,A,L,2097.824026470533
0,sample7,2,A,P,2097.824026470533
0,sample7,48,A,A,2097.824026470533
0,sample7,17,A,A,2097.824026470533
0,sample7,16,A,A,2097.824026470533
0,sample7,4,A,F,2097.824026470533
1,sample7,48,A,A,36.50943396226415
