patch_rank,protein_id,residue_id,chain,residue_type,patch_size
0,plus1,25,A,A,1822.7885898223785
0,plus1,56,A,G,1822.7885898223785
0,plus1,13,A,P,1822.7885898223785
0,plus1,50,A,A,1822.7885898223785
0,plus1,19,A,I,1822.7885898223785
0,plus1,34,A,V,1822.7885898223785
0,plus1,3,A,A,1822.7885898223785
0,plus1,49,A,A,1822.7885898223785
0,plus1,37,A,G,1822.7885898223785
0,plus1,28,A,G,1822.7885898223785
0,plus1,22,A,F,1822.7885898223785
0,plus1,40,A,A,1822.7885898223785
0,plus1,6,A,L,1822.7885898223785
0,plus1,9,A,P,1822.7885898223785
0,plus1,12,A,G,1822.7885898223785
0,plus1,27,A,A,1822.7885898223785
0,plus1,33,A,F,1822.7885898223785
0,plus1,52,A,M,1822.7885898223785
0,plus1,36,A,G,1822.7885898223785
0,plus1,18,A,I,1822.7885898223785
0,plus1,8,A,P,1822.7885898223785
0,plus1,45,A,F,1822.7885898223785
0,plus1,29,A,L,1822.7885898223785
0,plus1,2,A,P,1822.7885898223785
0,plus1,48,A,A,1822.7885898223785
0,plus1,16,A,A,1822.7885898223785
0,plus1,4,A,F,1822.7885898223785
0,plus1,7,A,A,1822.7885898223785
1,plus1,40,A,A,58.41509433962264
2,plus1,48,A,A,46.24528301886792
