patch_rank,protein_id,residue_id,chain,residue_type,patch_size
0,sample6,29,A,L,907.8270937442866
0,sample6,25,A,A,907.8270937442866
0,sample6,6,A,L,907.8270937442866
0,sample6,52,A,M,907.8270937442866
0,sample6,2,A,P,907.8270937442866
0,sample6,28,A,G,907.8270937442866
0,sample6,48,A,A,907.8270937442866
0,sample6,56,A,G,907.8270937442866
0,sample6,1,A,A,907.8270937442866
0,sample6,27,A,A,907.8270937442866
0,sample6,4,A,F,907.8270937442866
0,sample6,45,A,F,907.8270937442866
1,sample6,22,A,F,556.996821351886
1,sample6,37,A,G,556.996821351886
1,sample6,36,A,G,556.996821351886
1,sample6,18,A,I,556.996821351886
1,sample6,13,A,P,556.996821351886
1,sample6,9,A,P,556.996821351886
1,sample6,16,A,A,556.996821351886
1,sample6,12,A,G,556.996821351886
1,sample6,19,A,I,556.996821351886
1,sample6,34,A,V,556.996821351886
1,sample6,33,A,F,556.996821351886
2,sample6,40,A,A,46.24528301886792
3,sample6,4,A,F,19.49238578680203
