patch_rank,protein_id,residue_id,chain,residue_type,patch_size
0,minus1,27,A,27,15.387248672555321
0,minus1,42,A,42,15.387248672555321
0,minus1,33,A,33,15.387248672555321
0,minus1,15,A,15,15.387248672555321
0,minus1,30,A,30,15.387248672555321
0,minus1,21,A,21,15.387248672555321
0,minus1,5,A,5,15.387248672555321
0,minus1,52,A,52,15.387248672555321
0,minus1,18,A,18,15.387248672555321
0,minus1,20,A,20,15.387248672555321
0,minus1,26,A,26,15.387248672555321
0,minus1,39,A,39,15.387248672555321
0,minus1,45,A,45,15.387248672555321
0,minus1,14,A,14,15.387248672555321
0,minus1,29,A,29,15.387248672555321
0,minus1,23,A,23,15.387248672555321
0,minus1,48,A,48,15.387248672555321
0,minus1,17,A,17,15.387248672555321
0,minus1,1,A,1,15.387248672555321
0,minus1,16,A,16,15.387248672555321
0,minus1,4,A,4,15.387248672555321
0,minus1,38,A,38,15.387248672555321
0,minus1,53,A,53,15.387248672555321
0,minus1,35,A,35,15.387248672555321
0,minus1,41,A,41,15.387248672555321
0,minus1,10,A,10,15.387248672555321
0,minus1,25,A,25,15.387248672555321
0,minus1,34,A,34,15.387248672555321
0,minus1,46,A,46,15.387248672555321
0,minus1,19,A,19,15.387248672555321
0,minus1,40,A,40,15.387248672555321
0,minus1,22,A,22,15.387248672555321
0,minus1,55,A,55,15.387248672555321
0,minus1,6,A,6,15.387248672555321
