patch_rank,protein_id,residue_id,chain,residue_type,patch_size
0,minus2,29,A,L,1900.711525943131
0,minus2,2,A,P,1900.711525943131
0,minus2,48,A,A,1900.711525943131
0,minus2,4,A,F,1900.711525943131
0,minus2,16,A,A,1900.711525943131
0,minus2,7,A,A,1900.711525943131
0,minus2,25,A,A,1900.711525943131
0,minus2,56,A,G,1900.711525943131
0,minus2,13,A,P,1900.711525943131
0,minus2,50,A,A,1900.711525943131
0,minus2,19,A,I,1900.711525943131
0,minus2,34,A,V,1900.711525943131
0,minus2,3,A,A,1900.711525943131
0,minus2,49,A,A,1900.711525943131
0,minus2,40,A,A,1900.711525943131
0,minus2,22,A,F,1900.711525943131
0,minus2,37,A,G,1900.711525943131
0,minus2,6,A,L,1900.711525943131
0,minus2,28,A,G,1900.711525943131
0,minus2,12,A,G,1900.711525943131
0,minus2,27,A,A,1900.711525943131
0,minus2,9,A,P,1900.711525943131
0,minus2,33,A,F,1900.711525943131
0,minus2,52,A,M,1900.711525943131
0,minus2,36,A,G,1900.711525943131
0,minus2,18,A,I,1900.711525943131
0,minus2,8,A,P,1900.711525943131
0,minus2,45,A,F,1900.711525943131
1,minus2,40,A,A,58.41509433962264
2,minus2,40,A,A,58.41509433962264
