patch_rank,protein_id,residue_id,chain,residue_type,patch_size
0,minus1,46,A,A,2578.6402675431955
0,minus1,28,A,G,2578.6402675431955
0,minus1,40,A,A,2578.6402675431955
0,minus1,12,A,G,2578.6402675431955
0,minus1,18,A,I,2578.6402675431955
0,minus1,2,A,P,2578.6402675431955
0,minus1,33,A,F,2578.6402675431955
0,minus1,15,A,A,2578.6402675431955
0,minus1,48,A,A,2578.6402675431955
0,minus1,39,A,A,2578.6402675431955
0,minus1,52,A,M,2578.6402675431955
0,minus1,27,A,A,2578.6402675431955
0,minus1,36,A,G,2578.6402675431955
0,minus1,42,A,A,2578.6402675431955
0,minus1,26,A,A,2578.6402675431955
0,minus1,8,A,P,2578.6402675431955
0,minus1,45,A,F,2578.6402675431955
0,minus1,29,A,L,2578.6402675431955
0,minus1,17,A,A,2578.6402675431955
0,minus1,20,A,A,2578.6402675431955
0,minus1,22,A,F,2578.6402675431955
0,minus1,13,A,P,2578.6402675431955
0,minus1,53,A,A,2578.6402675431955
0,minus1,41,A,A,2578.6402675431955
0,minus1,1,A,A,2578.6402675431955
0,minus1,16,A,A,2578.6402675431955
0,minus1,4,A,F,2578.6402675431955
0,minus1,6,A,L,2578.6402675431955
0,minus1,37,A,G,2578.6402675431955
0,minus1,19,A,I,2578.6402675431955
0,minus1,34,A,V,2578.6402675431955
0,minus1,56,A,G,2578.6402675431955
0,minus1,25,A,A,2578.6402675431955
0,minus1,9,A,P,2578.6402675431955
