patch_rank,protein_id,residue_id,chain,residue_type,patch_size
0,plus2,8,A,A,4046.4622641509436
0,plus2,26,A,A,4046.4622641509436
0,plus2,39,A,A,4046.4622641509436
0,plus2,54,A,A,4046.4622641509436
0,plus2,23,A,A,4046.4622641509436
0,plus2,45,A,A,4046.4622641509436
0,plus2,14,A,A,4046.4622641509436
0,plus2,29,A,A,4046.4622641509436
0,plus2,11,A,A,4046.4622641509436
0,plus2,2,A,A,4046.4622641509436
0,plus2,18,A,A,4046.4622641509436
0,plus2,17,A,A,4046.4622641509436
0,plus2,1,A,A,4046.4622641509436
0,plus2,48,A,A,4046.4622641509436
0,plus2,32,A,A,4046.4622641509436
0,plus2,16,A,A,4046.4622641509436
0,plus2,38,A,A,4046.4622641509436
0,plus2,7,A,A,4046.4622641509436
0,plus2,4,A,A,4046.4622641509436
0,plus2,53,A,A,4046.4622641509436
0,plus2,41,A,A,4046.4622641509436
0,plus2,10,A,A,4046.4622641509436
0,plus2,25,A,A,4046.4622641509436
0,plus2,35,A,A,4046.4622641509436
0,plus2,56,A,A,4046.4622641509436
0,plus2,13,A,A,4046.4622641509436
0,plus2,47,A,A,4046.4622641509436
0,plus2,44,A,A,4046.4622641509436
0,plus2,31,A,A,4046.4622641509436
0,plus2,46,A,A,4046.4622641509436
0,plus2,50,A,A,4046.4622641509436
0,plus2,19,A,A,4046.4622641509436
0,plus2,34,A,A,4046.4622641509436
0,plus2,3,A,A,4046.4622641509436
0,plus2,49,A,A,4046.4622641509436
0,plus2,40,A,A,4046.4622641509436
0,plus2,22,A,A,4046.4622641509436
0,plus2,55,A,A,4046.4622641509436
0,plus2,37,A,A,4046.4622641509436
0,plus2,6,A,A,4046.4622641509436
0,plus2,28,A,A,4046.4622641509436
0,plus2,12,A,A,4046.4622641509436
0,plus2,9,A,A,4046.4622641509436
0,plus2,43,A,A,4046.4622641509436
0,plus2,27,A,A,4046.4622641509436
0,plus2,42,A,A,4046.4622641509436
0,plus2,33,A,A,4046.4622641509436
0,plus2,15,A,A,4046.4622641509436
0,plus2,30,A,A,4046.4622641509436
0,plus2,52,A,A,4046.4622641509436
0,plus2,21,A,A,4046.4622641509436
0,plus2,36,A,A,4046.4622641509436
0,plus2,5,A,A,4046.4622641509436
0,plus2,51,A,A,4046.4622641509436
0,plus2,20,A,A,4046.4622641509436
0,plus2,24,A,A,4046.4622641509436
