patch_rank,protein_id,residue_id,chain,residue_type,patch_size
0,plus1,42,A,R,493.20869394177817
0,plus1,39,A,R,493.20869394177817
0,plus1,41,A,K,493.20869394177817
1,plus1,46,A,K,235.20322580645163
1,plus1,20,A,R,235.20322580645163
2,plus1,26,A,K,223.33658536585364
3,plus1,15,A,K,207.21951219512195
4,plus1,53,A,R,206.6048387096774
5,plus1,17,A,R,204.3951612903226
6,plus1,1,A,R,186.71774193548384
