patch_rank,protein_id,residue_id,chain,residue_type,patch_size
0,minus2,41,A,E,368.3358105116691
0,minus2,39,A,D,368.3358105116691
0,minus2,42,A,E,368.3358105116691
1,minus2,17,A,E,189.66494845360825
2,minus2,15,A,D,189.4478527607362
3,minus2,46,A,D,187.39969008917842
3,minus2,20,A,E,187.39969008917842
4,minus2,53,A,E,183.91752577319588
5,minus2,26,A,D,183.5276073619632
6,minus2,1,A,D,178.7914110429448
